dataset,final_f1,final_auc
cm1.csv,0.18181818181818182,0.5204938271604937
kc1.csv,0.43315508021390375,0.7999713904253289
jm1.csv,0.3772609819121447,0.7274555738938017
