dataset,final_f1,final_auc
cm1.csv,0.2222222222222222,0.5338271604938272
kc1.csv,0.44192634560906513,0.8009345794392524
jm1.csv,0.3681031010873943,0.712096090083978
